Category,Item,MPN,Supplier,Qty,Unit,Notes,Package
MCU,STM32H747 Dual-core Cortex-M7/M4 LQFP176,STM32H747IIT6,ST,1,13.50,Main MCU (dual-core),SMD
Wireless,WiFi/BT module ESP32-S3-WROOM-1-N16R8,ESP32-S3-WROOM-1-N16R8,Espressif,1,4.50,WiFi 802.11b/g/n + Bluetooth 5.0,Module
Wireless,USB VBUS 3.3V LDO for ESP32,AMS1117-3.3,AMS,1,0.12,Powers ESP32 from USB VBUS during programming without main 24V supply,SMD
Wireless,ESP32 auto-programming dual NPN transistor,UMH3N,JSCJ,1,0.03,DTR/RTS auto-reset circuit for ESP32 UART programming,SMD
Storage,Generic microSD 16GB MLC -40C to 85C,ISD-16GB-MLC,Generic,1,6.80,Logging and buffering,SMD
Connector,MicroSD push-push holder,DM3AT-SF-PEJM5,Hirose,1,0.35,MicroSD socket,SMD
Signal Integrity,SD card EMI filter and ESD protection,EMIF06-MSD02N16,ST,1,0.45,Combined EMI filter + ESD on all SDIO lines; QFN-16,SMD
Power,24V to 5V buck converter 3A,TPS54331DR,Texas Instruments,1,2.80,Primary 24V to 5V rail for IEPE current sources and digital logic,SMD
Power,5V to 3.3V LDO digital rail,TLV1117LV33DCYR,Texas Instruments,1,0.45,Digital 3.3V rail from 5V,SMD
Power,Low-noise 3.3V LDO for analog section,TPS7A4533DCYR,Texas Instruments,1,1.80,Dedicated low-noise analog 3.3V rail isolated from digital,SMD
Power,1.2V LDO for STM32 internal regulator bypass,TLV70212DBVR,Texas Instruments,1,0.35,STM32H747 VCAP/DSI 1.2V supply; mandatory for dual-core operation,SMD
Power,Input LC filter inductor 47uH,SRN6045-470M,Bourns,1,0.35,24V input EMI filtering,SMD
Power,Input filter capacitor 470uF 35V electrolytic,ERG35V470M10X16,JIERR,1,0.30,24V input bulk decoupling; larger cap for industrial transient ride-through,THT
Backup,Supercapacitor 3.8V 20F,SLA3R8L2060813,Ymin,1,3.50,3.8V rated; solves 2.7V overvoltage issue; evaluate adding second unit for 30s runtime target,THT
Backup,Supercap charge current limiting resistor 680 ohm,RC0805FR-07680RL,YAGEO,1,0.01,Limits inrush current to supercap during charging,SMD
Backup,Schottky diode for supercap charge path,CDBA240LL-HF,Comchip,1,0.08,Controls charge/discharge path for supercap backup,SMD
Protection,24V TVS diode SMAJ24A,SMAJ24A,Littelfuse,2,0.09,Input surge protection,SMD
Protection,Varistor 33V for 24V input surge,ERZ-V14D330,Panasonic,1,0.18,MOV for transient voltage clamping on 24V input,SMD
Protection,GPIO ESD protection array 2-ch,SP0502BAHTG,Littelfuse,4,0.06,Sensor connector protection (+-15kV ESD),SMD
Protection,Resettable polyfuse 1.1A hold MF-MSMF110,MF-MSMF110/33X-2,BOURNS,1,0.10,Input overcurrent protection,SMD
Signal Integrity,USB 2.0 common-mode choke 90ohm,DLW21SN900SQ2L,TDK,1,0.08,Reduce USB EMI,SMD
Signal Integrity,USB ESD protection IC,USBULC6-2M6,ST,1,0.15,Purpose-built USB D+/D- ESD protection; low capacitance; SON-6,SMD
Signal Integrity,MCU VDD ferrite bead 120ohm at 100MHz,BLM18PG121SN1D,Murata,1,0.02,High-frequency noise filtering on MCU power rail,SMD
Connector,USB-C receptacle mid-mount,632723300021,Wurth,1,0.35,USB-C for service,THT
Connector,Power input pluggable PCB mate 2-pin 5.00mm,2EDGR-5.0-02P,Degson,1,0.12,24V DC power input; 90 deg angled PCB edge; mates with 2EDGK-5.0-02P,THT
Connector,Power input pluggable plug 2-pin 5.00mm,2EDGK-5.0-02P,Degson,1,0.12,Field-side plug; mates with 2EDGR-5.0-02P,Accessory
IO,SMD Optocoupler for 24V inputs,PC817X2NIP1B,Sharp,12,0.06,6 dual-channel safety digital inputs (2 per channel) with 5kV isolation,SMD
IO,SMD Solid State Relay 5V,AQY212EHAZ,Panasonic,1,1.10,Service indicator or interlock (60V/500mA),SMD
Clock,32.768kHz SMD RTC crystal,ABS07-32.768KHZ-T,ABRACON,1,0.12,Industrial temp range (-40C to 85C),SMD
Clock,25MHz active oscillator,OT3EL89CJI-111YLC-25M,YXC,1,0.25,Shared clock for STM32 + Ethernet PHY(s); active oscillator drives multiple loads; +-25ppm; 2.5x2.0mm,SMD
Ethernet,10/100 Ethernet PHY (Port A Machine),KSZ8081RNACA,Microchip,1,2.00,Industrial PHY (-40C to +85C) for machine network; RMII interface; auto-MDIX,QFN-24
Ethernet,10/100 Ethernet PHY (Port B IT),KSZ8081RNACA,Microchip,1,2.00,Industrial PHY (-40C to +85C) for IT network; RMII interface; auto-MDIX,QFN-24
Ethernet,RJ-45 MagJack with integrated magnetics (Port A),7499111121,Wurth,1,2.50,Port A machine network; 1:1 transformer with CMC; built-in LEDs,THT
Ethernet,RJ-45 MagJack with integrated magnetics (Port B),7499111121,Wurth,1,2.50,Port B IT network; 1:1 transformer with CMC; built-in LEDs,THT
Ethernet,TVS diode for Ethernet ESD PESD5V0L1BA,PESD5V0L1BA,Nexperia,8,0.05,+-30V clamp on each differential pair; 4 per port,SMD
Ethernet,Ferrite bead for Ethernet PHY power 600ohm,FCM1608KF-601T03,TAI-TECH,2,0.04,600 ohm at 100MHz; one per PHY for power filtering; 0603,SMD
Connector,Sensor bus primary pluggable PCB mate 4-pin 5.00mm,2EDGR-5.0-04P,Degson,1,0.18,Main RS-485 sensor bus out; 90 deg angled PCB edge; mates with 2EDGK-5.0-04P,THT
Connector,Sensor bus primary pluggable plug 4-pin 5.00mm,2EDGK-5.0-04P,Degson,1,0.18,Field-side plug; mates with 2EDGR-5.0-04P,Accessory
Connector,Sensor bus secondary pluggable PCB mate 4-pin 5.00mm,2EDGR-5.0-04P,Degson,1,0.18,Daisy-chain or secondary bus; 90 deg angled PCB edge; mates with 2EDGK-5.0-04P,THT
Connector,Sensor bus secondary pluggable plug 4-pin 5.00mm,2EDGK-5.0-04P,Degson,1,0.18,Field-side plug; mates with 2EDGR-5.0-04P,Accessory
Connector,Safety relay output pluggable PCB mate 6-pin 5.00mm,2EDGR-5.0-06P,Degson,1,0.24,Safety relay outputs and monitoring; 90 deg angled PCB edge; mates with 2EDGK-5.0-06P,THT
Connector,Safety relay output pluggable plug 6-pin 5.00mm,2EDGK-5.0-06P,Degson,1,0.24,Field-side plug; mates with 2EDGR-5.0-06P,Accessory
Connector,Safety digital input pluggable PCB mate 14-pin 5.00mm,2EDGR-5.0-14P,Degson,1,0.56,6 dual-channel safety inputs (12 signal + GND + 24V); 90 deg angled PCB edge; mates with 2EDGK-5.0-14P,THT
Connector,Safety digital input pluggable plug 14-pin 5.00mm,2EDGK-5.0-14P,Degson,1,0.56,Field-side plug; mates with 2EDGR-5.0-14P,Accessory
Connector,Analog input pluggable PCB mate 10-pin 5.00mm,2EDGR-5.0-10P,Degson,1,0.40,4 dual-mode analog inputs (IEPE or DC); signal + shield per ch + supply; 90 deg angled PCB edge,THT
Connector,Analog input pluggable plug 10-pin 5.00mm,2EDGK-5.0-10P,Degson,1,0.40,Field-side plug for analog inputs,Accessory
Connector,Fieldbus pluggable PCB mate 6-pin 5.00mm,2EDGR-5.0-06P,Degson,1,0.24,Modbus RTU PROFIBUS connections; 90 deg angled PCB edge; mates with 2EDGK-5.0-06P,THT
Connector,Fieldbus pluggable plug 6-pin 5.00mm,2EDGK-5.0-06P,Degson,1,0.24,Field-side plug; mates with 2EDGR-5.0-06P,Accessory
Connector,Interbus pluggable PCB mate 4-pin 5.00mm,2EDGR-5.0-04P,Degson,1,0.18,Interbus RS-485 connection (A/B/GND/Shield); 90 deg angled PCB edge,THT
Connector,Interbus pluggable plug 4-pin 5.00mm,2EDGK-5.0-04P,Degson,1,0.18,Field-side plug for Interbus,Accessory
Sensor Bus,RS-485 transceiver for sensor network,SN65HVD72D,Texas Instruments,1,0.85,Sensor bus interface,SOIC-8
Sensor Bus,12V power supply for sensor bus 2A,TPS54331DR,Texas Instruments,1,2.40,Distributed power for sensor modules,SMD
Sensor Bus,Bus termination resistor 120 ohm,ERJ-3EKF1200V,Panasonic,2,0.02,End-of-line termination,SMD
Programming,Tag-Connect 10-pin SWD footprint for STM32,TC2050-IDC-NL,Tag-Connect,0,0.00,DNP; 10-pin needle footprint for STM32 SWD/JTAG debug,SMD
Programming,Tag-Connect 6-pin footprint for ESP32,TC2030-IDC-NL,Tag-Connect,0,0.00,DNP; 6-pin needle footprint for ESP32 UART programming,SMD
UI,Tact switch 4.5mm SMD,TS-1187A-B-A-B,XKB,2,0.03,Reset and boot buttons,SMD
UI,Status LED green 0603,LTST-C190KGKT,Lite-On,2,0.01,System status,SMD
UI,1.5in OLED 128x64 I2C 3.3V,WEO015664A,Winstar,1,4.50,On-device debug/menu display,SMD
UI,OLED I2C level shifter MOSFET,BSS138LT1G,onsemi,1,0.05,MOSFET-based bidirectional level shifter for OLED I2C bus,SMD
UI,Menu buttons SMD tact 4.5mm,TS-1187A-B-A-B,XKB,4,0.03,Up Down Enter Back navigation,SMD
Passives,Resistors and capacitors 0603 assorted,R0603 assortment,Generic,1,0.50,Estimated per-board passives,SMD
RTC Backup,CR2032 lithium coin cell,CR-2032,Panasonic,1,0.25,RTC backup battery,THT
RTC Backup,CR2032 SMD holder,1060TR,Keystone,1,0.32,Coin cell holder for VBAT,SMD
RTC Backup,Schottky diode for VBAT isolation,BAT54WS-7-F,Diodes Inc,1,0.03,Prevents backfeed into coin cell,SMD
Fieldbus,Isolated RS-485 transceiver for Modbus RTU,ADM2582EBRWZ,Analog Devices,1,4.20,Isolation and integrated DC/DC,SMD
Fieldbus,PROFIBUS-compliant RS-485 transceiver,SN65HVD1176DR,Texas Instruments,1,1.90,Meets PROFIBUS electrical levels,SMD
Fieldbus,DB-9 male connector with shield for PROFIBUS,DS1037-09FNAKT74-0CC,Connfly,1,1.00,90 deg angled THT D-Sub male shielded,THT
Fieldbus,Pluggable PCB mate 3-pin 5.00mm for RS-485,2EDGR-5.0-03P,Degson,1,0.16,A/B/GND screw terminal; 90 deg angled PCB edge; mates with 2EDGK-5.0-03P,THT
Fieldbus,Pluggable plug 3-pin 5.00mm for RS-485,2EDGK-5.0-03P,Degson,1,0.16,Field-side plug; mates with 2EDGR-5.0-03P,Accessory
Fieldbus,120 ohm termination resistor 0805,R0805-120R,Generic,1,0.01,Bus termination selectable,SMD
Fieldbus,8-position SMD DIP switch,DSHP08TS-S,XKB,1,0.22,Addressing and termination enable (SMD DIP),SMD
Interbus,Isolated RS-485 transceiver for Interbus,ADM2582EBRWZ,Analog Devices,1,4.20,Dedicated Interbus interface with isolation and integrated DC/DC,SMD
Interbus,120 ohm termination resistor 0805 for Interbus,R0805-120R,Generic,1,0.01,Interbus bus termination selectable,SMD
Safety,Safety relay dual-channel SPDT,G7SA-2A2B-DC24,Omron,1,12.50,EN ISO 13849 PLd safety-rated outputs; single relay provides 2NO+2NC dual-channel,THT
Safety,Relay coil driver with economization,DRV110APWR,Texas Instruments,1,2.80,Coil current control; contact monitoring via MCU,SMD
Analog,4-channel 24-bit simultaneous delta-sigma ADC,ADS1274IPAPR,Texas Instruments,1,12.50,50 kSPS per channel; SPI interface; simultaneous sampling; -40C to +105C,HTQFP-32
Analog,Programmable gain amplifier,PGA280AIDR,Texas Instruments,4,4.80,Gain 1/2/5/10/20; SPI/GPIO control; bandwidth >1 MHz; input +-10V,SOIC-16
Analog,Quad low-noise op-amp for buffer and AAF,OPA4188AIDR,Texas Instruments,2,3.20,3.3 nV/rtHz noise; unity-gain buffer and 4-pole AAF stages,SOIC-14
Analog,IEPE constant-current source IC,REF200AU,Texas Instruments,4,2.50,Dual 100 uA source; scale to 4 mA with external resistor,SOIC-8
Analog,P-channel MOSFET for current source enable,Si2301CDS-T1-GE3,Vishay,4,0.15,Per-channel IEPE current source enable via GPIO,SOT-23
Analog,DC blocking capacitor 10uF film 50V,ECW-F2106JL,Panasonic,4,0.85,AC coupling; blocks 8-12V IEPE DC bias; polypropylene film,THT
Analog,Input resistor to ground 100kohm 1%,ERA-3AEB1003V,Panasonic,4,0.08,Sets AC input impedance and high-pass filter corner,SMD
Analog,AAF resistors 1% metal film assorted,ERA-3AEB assortment,Panasonic,1,0.60,Anti-aliasing filter passive components (1% tolerance),SMD
Analog,AAF capacitors C0G/NP0 assorted,GRM15 C0G assortment,Murata,1,0.40,Anti-aliasing filter capacitors (low-loss NP0/C0G),SMD
Analog,Series input protection resistor 100ohm 0.25W,ERJ-3EKF1000V,Panasonic,4,0.02,Limits fault current from sensor cable,SMD
Analog,SPDT analog switch for IEPE/DC mode select,TMUX1101DCR,Texas Instruments,4,0.40,Per-channel mode switch; 1 ohm Ron; -120 dB THD; SOT-23-6; GPIO controlled,SMD
Analog,TVS diode for analog input ESD,PESD5V0L1BA,Nexperia,4,0.05,+-30V clamp; fast response for sensor input ESD protection,SMD
Protection,TVS diode array for sensor inputs,SP0503BAHTG,Littelfuse,3,0.12,Sensor connector protection,SMD
PCB,4-layer PCB FR4 1.55mm 35um 86x171mm,PCB-4L,Various,1,2.40,ENIG finish 4-layer; black soldermask; white silkscreen,PCB
